{"cameraMode":{"drawMode":0,"name":"Shaded","section":"Shading Mode"},"sceneLighting":true,"audioPlay":false,"sceneViewState":{"showFog":true,"showMaterialUpdate":false,"showSkybox":true,"showFlares":true,"showImageEffects":true,"showParticleSystems":true},"in2DMode":false,"pivot":{"x":840.4400024414063,"y":365.39251708984377,"z":0.0},"rotation":{"x":-0.009305939078330994,"y":-0.027897873893380166,"z":0.0002596694394014776,"w":-0.9995700120925903},"size":1534.6597900390625,"orthographic":false}